crash_numb,crash_datetime,crash_date_text,crash_time,severity,max_injury,fatal_injuries,nonfatal_injuries,street,cross_street,non_motorist_type,weather,light,lon,lat
5244679,2023-03-10 23:40:00,03 10 2023,7:40 PM,Non-fatal injury,Suspected Minor Injury (B),0,1, Columbia Rd Rte W  / Brinsley St Rte S  / Columbia Rd Rte S,, VU2: Bicyclist,Clear,Dark - lighted roadway,-71.07825893982587,42.30604925006915
5244257,2023-03-31 17:12:00,03 31 2023,1:12 PM,Non-fatal injury,Suspected Minor Injury (B),0,1, DORCHESTER AVENUE,, VU2: Bicyclist,Clear,Daylight,-71.06454900991342,42.284837239434744
5244215,2023-03-31 19:30:00,03 31 2023,3:30 PM,Property damage only (none injured),No Apparent Injury (O),0,0, AMORY STREET / COMMONWEALTH AVENUE Rte US20 E,, VU2: Bicyclist,Not Reported,Daylight,-71.11378492787351,42.35078820551735
5244204,2023-03-09 23:22:00,03 09 2023,7:22 PM,Non-fatal injury,Suspected Minor Injury (B),0,1, MA-28 Rte 28 S  / Wellington St Rte E  / Wellington St Rte 0 E,, VU5: Bicyclist,Clear,Dark - lighted roadway,-71.0811438777047,42.34115655838142
5245485,2023-04-20 16:18:00,04 20 2023,12:18 PM,Non-fatal injury,Suspected Serious Injury (A),0,1, Beacon St Rte SR2A S  / Beacon St Rte 10 S,, VU2: Bicyclist,Clear,Daylight,-71.08949834107659,42.350865228861906
5247598,2023-04-24 22:35:00,04 24 2023,6:35 PM,Non-fatal injury,Possible Injury (C),0,2, DALE STREET / PAULDING STREET,, VU5: Bicyclist / VU6: Bicyclist,Clear,Daylight,-71.08666033857767,42.32169994850665
5257348,2023-05-19 19:26:00,05 19 2023,3:26 PM,Non-fatal injury,Suspected Serious Injury (A),0,1, WILLIAM T MORRISSEY BOULEVARD, FREEPORT STREET, VU2: Bicyclist,Clear,Daylight,-71.04800513091567,42.29263727110708
5261682,2023-06-01 19:00:00,06 01 2023,3:00 PM,Non-fatal injury,Suspected Minor Injury (B),0,1, PERKINS STREET, CHESTNUT STREET, VU2: Bicyclist,Not Reported,Daylight,-71.11911814669683,42.32137957152787
5262129,2023-05-31 23:28:00,05 31 2023,7:28 PM,Property damage only (none injured),No Apparent Injury (O),0,0, CHARLES CIRCLE Rte UNKNOW,, VU2: Bicyclist,Not Reported,Daylight,-71.07044823914595,42.36135856901387
5268027,2023-06-18 18:40:00,06 18 2023,2:40 PM,Non-fatal injury,Suspected Minor Injury (B),0,1, SOLDIERS FIELD ROAD, WESTERN AVENUE, VU2: Bicyclist,Clear,Daylight,-71.14619691159476,42.361539666381674
5281853,2023-07-21 19:14:00,07 21 2023,3:14 PM,Property damage only (none injured),No Apparent Injury (O),0,0, NONANTUM ROAD Rte    / BROOKS STREET Rte,, VU2: Bicyclist,Clear,Daylight,-71.16190003889166,42.3580131802116
5286175,2023-08-13 21:14:00,08 13 2023,5:14 PM,Non-fatal injury,Suspected Minor Injury (B),0,1, WILLIAM J DAY BOULEVARD, COLUMBIA ROAD, VU2: Bicyclist,Cloudy,Daylight,-71.05111550984799,42.32202056514437
5299758,2023-09-08 18:58:00,09 08 2023,2:58 PM,Non-fatal injury,Suspected Serious Injury (A),0,1, MASSACHUSETTS AVENUE / MASSACHUSETTS AVENUE CONNECTOR,, VU2: Bicyclist,Clear,Daylight,-71.0721527779444,42.33273571672727
5306837,2023-10-04 22:40:00,10 04 2023,6:40 PM,Non-fatal injury,Possible Injury (C),0,1, VETERANS OF FOREIGN WARS PARKWAY / WEST ROXBURY PARKWAY / WEST ROXBURY VFW PARKWAY ROTARY,, VU2: Bicyclist,Clear,Dusk,-71.14584743269296,42.29675129250207
5320932,2023-11-01 23:12:00,11 01 2023,7:12 PM,Non-fatal injury,Possible Injury (C),0,1, ALWIN STREET / DEDHAM PARKWAY,, VU2: Bicyclist,Clear,Dawn,-71.14356103187487,42.254694348713606
5324711,2023-11-13 21:58:00,11 13 2023,5:58 PM,Property damage only (none injured),No Apparent Injury (O),0,0, SOUTH STREET / ARBORWAY,, VU2: Bicyclist,Clear,Dark - lighted roadway,-71.11450364212442,42.30174081701022
5341361,2023-12-26 18:45:00,12 26 2023,2:45 PM,Property damage only (none injured),No Apparent Injury (O),0,0, LEO M BIRMINGHAM PARKWAY, LOTHROP STREET, VU2: Bicyclist,Clear,Daylight,-71.14653891644991,42.36031789643634
5347126,2023-12-19 14:08:00,12 19 2023,10:08 AM,Fatal injury,Fatal injury (K),1,0, CAMBRIDGE STREET / HANO STREET,, VU2: Bicyclist,Clear,Daylight,-71.13632600028771,42.354050999698636
5347541,2023-05-28 01:04:00,05 27 2023,9:04 PM,Non-fatal injury,Suspected Minor Injury (B),0,1, Columbia Rd Rte E  / Massachusetts Ave Rte E  / Boston St Rte S,, VU2: Bicyclist,Clear,Dark - lighted roadway,-71.06148138441421,42.32050827988583
5347530,2023-05-25 20:14:00,05 25 2023,4:14 PM,Non-fatal injury,Suspected Minor Injury (B),0,1, Walden St Rte N  / Minden Street Rte E,, VU2: Bicyclist,Clear,Daylight,-71.10432473845275,42.32500036141416
5347414,2023-05-11 21:18:00,05 11 2023,5:18 PM,Non-fatal injury,Suspected Minor Injury (B),0,1, CROSS STREET,, VU2: Bicyclist,Clear,Daylight,-71.05688093996127,42.363163739034746
5348585,2023-06-11 18:54:00,06 11 2023,2:54 PM,Non-fatal injury,Suspected Minor Injury (B),0,1, Blue Hill Ave Rte E,, VU2: Bicyclist,Clear,Daylight,-71.08093339939724,42.311652670314714
5348540,2023-06-17 00:19:00,06 16 2023,8:19 PM,Non-fatal injury,Suspected Minor Injury (B),0,2, SEAVER STREET Rte SR28 N, HUMBOLDT AVENUE, VU2: Bicyclist / VU3: Bicyclist,Not Reported,Not reported,-71.0922076564529,42.310054112624684
5349705,2023-07-06 16:57:00,07 06 2023,12:57 PM,Non-fatal injury,Possible Injury (C),0,1, Columbus Ave Rte S  / Camden St Rte E,, VU2: Bicyclist,Not Reported,Not reported,-71.0833520534386,42.33934765245414
5349661,2023-07-01 16:15:00,07 01 2023,12:15 PM,Non-fatal injury,Suspected Minor Injury (B),0,1, COMMONWEALTH AVENUE, CHARLESGATE EAST, VU2: Bicyclist,Cloudy,Daylight,-71.09153418272811,42.34886671791056
5349660,2023-02-28 17:27:00,02 28 2023,1:27 PM,Non-fatal injury,Suspected Minor Injury (B),0,1, AMORY STREET / COMMONWEALTH AVENUE Rte US20 E,, VU2: Bicyclist,"Sleet, hail (freezing rain or drizzle)",Daylight,-71.11378492787351,42.35078820551735
5349577,2023-07-01 02:06:00,06 30 2023,10:06 PM,Non-fatal injury,Suspected Minor Injury (B),0,1, Hancock St Rte S  / Dorchester Ave Rte E,, VU2: Bicyclist,Clear,Dark - lighted roadway,-71.0583118425359,42.30811983824747
5349572,2023-07-25 13:57:00,07 25 2023,9:57 AM,Non-fatal injury,Suspected Minor Injury (B),0,1, Marcella St Rte N,, VU2: Bicyclist,Not Reported,Not reported,-71.09419589839274,42.32141953771136
5350684,2023-08-24 17:50:00,08 24 2023,1:50 PM,Non-fatal injury,Possible Injury (C),0,1, MASSACHUSETTS AVENUE Rte SR2A S  / COMMONWEALTH AVENUE,, VU2: Bicyclist,Not Reported,Not reported,-71.08853301712847,42.34890672502151
5350680,2023-08-17 18:10:00,08 17 2023,2:10 PM,Non-fatal injury,Suspected Serious Injury (A),0,1, Massachusetts Ave Rte N  / Clearway St Rte E,, VU4: Bicyclist,Clear/Cloudy,Daylight,-71.08684199539594,42.345461472245226
5350647,2023-08-16 23:50:00,08 16 2023,7:50 PM,Non-fatal injury,Suspected Serious Injury (A),0,1, Columbus Ave Rte N  / Heath St Rte E,, VU2: Bicyclist,Not Reported,Dark - lighted roadway,-71.09827217299558,42.324916351100235
5351107,2023-09-13 11:15:00,09 13 2023,7:15 AM,Non-fatal injury,Suspected Minor Injury (B),0,1, DORCHESTER AVENUE,, VU2: Bicyclist,Clear,Daylight,-71.06166424759375,42.2950947629007
5359192,2023-10-06 12:55:00,10 06 2023,8:55 AM,Property damage only (none injured),No Apparent Injury (O),0,0, NORTH HARVARD STREET / ACADEMIC WAY NORTH,, VU2: Bicyclist,Cloudy,Daylight,-71.1282210001407,42.364362000386265
5359512,2023-11-02 14:20:00,11 02 2023,10:20 AM,Non-fatal injury,Suspected Minor Injury (B),0,1, ALFORD STREET, SULLIVAN SQUARE, VU2: Bicyclist,Clear,Daylight,-71.07269186557822,42.38513708714206
5359490,2023-11-07 23:07:00,11 07 2023,7:07 PM,Non-fatal injury,Possible Injury (C),0,1, Haverhill St Rte S  / Causeway st Rte E,, VU2: Bicyclist,Clear,Dark - lighted roadway,-71.06063463548104,42.36572119455855
5360584,2023-12-28 15:26:00,12 28 2023,11:26 AM,Non-fatal injury,Suspected Minor Injury (B),0,1, Columbia Rd Rte S  / Hamilton St Rte S  / Ceylon St Rte S,, VU2: Bicyclist,Cloudy/Rain,Daylight,-71.07229262650947,42.31005414334374
