dispatch_ts,street,xstreet1,xstreet2,lon,lat
2023-08-24 18:33:37,CAMBRIDGE ST,,,-71.06566715918989,42.36112224200132
2023-05-16 12:07:07,,,,-71.05851973212272,42.36694154078833
2023-12-30 08:07:06,BOYLSTON ST,,,-71.07410149118355,42.350966232368926
2023-08-19 16:06:41,SHANDON RD,,,-71.08913995778728,42.29511133471358
2023-06-14 11:17:16,ADAMS ST,,,-71.06263048201069,42.30743311509816
2023-11-23 17:24:39,CHESTERTON ST,,,-71.07044759464875,42.330313441773754
2023-09-12 18:21:37,CENTER PLZ,,,-71.06013224984667,42.35983445834738
2023-05-26 12:57:20,,,,-71.13019940715564,42.35273665382231
2023-01-31 12:45:31,,,,-71.0890957622328,42.35006295890982
2023-05-01 13:53:46,,,,-71.10705897036482,42.33327829920892
2023-06-25 02:06:15,WALNUT AVE,,,-71.09731494711943,42.312020107057535
2023-09-21 23:55:41,,,,-71.15784406477921,42.33953968354667
2023-10-01 23:15:54,METROPOLITAN AVE,,,-71.1222849940534,42.271497438588355
2023-06-24 16:22:01,,,,-71.03929007079122,42.3839838035472
2023-10-06 11:44:54,,,,-71.08832505044597,42.32236493512272
2023-07-09 03:41:35,,,,-71.0781328268161,42.35171705268001
2023-11-10 21:48:55,,,,-71.088641463287,42.34915419274428
2023-11-17 12:21:06,,,,-71.10026881221391,42.35077738777686
2023-06-30 21:37:13,,,,-71.09497083279676,42.348810517094634
2023-12-21 21:48:55,,,,-71.06553747033136,42.34863241429081
2023-08-22 23:27:22,HOMES AVE,,,-71.06623523636692,42.303579836967366
2023-10-24 16:01:48,COMMONWEALTH AVE,,,-71.11528811108806,42.35094503125057
2023-08-30 08:51:18,SUMMER ST,,,-71.0588247205227,42.35424564286206
2023-06-09 22:36:10,OLNEY ST,,,-71.06920315189424,42.30540139666723
2023-10-02 22:07:04,,,,-71.06333124981911,42.36408144393382
2023-09-21 13:28:44,ATKINSON ST,,,-71.06827397563993,42.33314642600374
2023-04-06 22:12:29,,,,-71.08769089364783,42.32619436843795
2023-02-24 20:20:28,,,,-71.06798157413824,42.33169814526776
2023-08-16 13:02:45,,,,-71.10492078189199,42.31810225224249
2023-03-26 20:30:31,,,,-71.08378752457489,42.35298416195821
2023-07-07 00:17:48,MASSACHUSETTS AVE,,,-71.08618821585601,42.34413429544672
2023-06-30 23:10:21,TURTLE POND PKWY,,,-71.13693790974459,42.24726363710054
2023-06-13 22:25:03,,,,-71.07870803857966,42.352870994003595
2023-07-29 18:29:22,,,,-71.09715182524712,42.34880344290092
2023-10-14 22:43:48,WARREN ST,,,-71.08328650678628,42.32964683917707
2023-02-15 21:19:43,IMBARO RD,,,-71.13592088450461,42.24434714698998
2023-09-14 10:54:48,,,,-71.1153442680057,42.309870104627265
2023-03-15 18:47:33,D ST,,,-71.0489335087402,42.34043149265245
2023-08-18 22:37:22,,,,-71.05131954652289,42.293616518153435
2023-10-20 18:46:02,MILK ST,,,-71.0582240908298,42.35676828846944
2023-05-23 20:15:25,,,,-71.10430900961141,42.32498376520233
2023-05-24 14:56:29,,,,-71.05145914897061,42.32143513905734
2023-04-03 23:42:09,,,,-71.07346021786326,42.33356601748208
2023-05-24 22:18:52,,,,-71.10933825044575,42.33705717062523
2023-06-01 19:02:58,,,,-71.11657758300223,42.32102718594854
2023-10-08 20:51:26,DAVID G MUGAR WAY,,,-71.07302580875351,42.357086592627496
2023-09-05 23:05:37,MASSACHUSETTS AVE,,,-71.0700712745353,42.33060193072624
2023-09-10 20:01:36,,,,-71.07515101230298,42.334953111183935
2023-10-19 13:49:18,,,,-71.09323424061772,42.33362108343158
2023-01-29 19:02:47,,,,-71.0753613847683,42.383584917311275
2023-04-04 19:05:46,,,,-71.13923977425485,42.36080758319393
2023-04-19 23:26:55,,,,-71.0878284631317,42.29489285279704
2023-10-10 12:47:48,COMMONWEALTH AVE,,,-71.11188219678236,42.35054722636104
2023-12-17 21:46:53,BOWDOIN ST,,,-71.07017629990659,42.30399296269528
2023-08-20 19:57:56,BLUE HILL AVE,,,-71.07869852348692,42.314846429173734
2023-09-20 22:12:10,SOLDIERS FIELD RD,,,-71.11752429146709,42.36010418886195
2023-11-29 12:59:00,HYDE PARK AVE,,,-71.12571106001556,42.25113728733332
2023-05-19 19:16:17,,,,-71.04917712976155,42.30066608531419
2023-06-22 20:50:50,HANOVER ST,,,-71.05288183108644,42.36572806343412
2023-07-30 20:06:26,CONSTITUTION RD,,,-71.05884912265964,42.37229638221316
2023-12-10 16:47:40,WASHINGTON ST,,,-71.08049993836859,42.33364827774625
2023-11-05 02:42:03,COLUMBIA RD,,,-71.06196358133595,42.320305531579855
2023-07-10 21:35:34,WALTHAM ST,,,-71.06945544490645,42.34222258426629
2023-11-18 02:48:48,FORSYTH ST,,,-71.09113078844834,42.34070937564643
2023-07-24 23:30:48,TRANSPORTATION WAY,,,-71.02972349047319,42.374006154271704
2023-04-12 20:51:42,,,,-71.09323424061772,42.33362108343158
2023-11-28 19:12:27,COMMONWEALTH AVE,,,-71.08695726564085,42.349311703619904
2023-07-21 10:35:10,CAUSEWAY ST,,,-71.06081525614212,42.36561100118066
2023-09-15 16:56:42,,,,-71.07563050723822,42.33746016491123
2023-06-27 01:31:43,H ST,,,-71.04151242959803,42.33403108467579
2023-04-11 22:14:12,WASHINGTON ST,,,-71.08071934619511,42.33337409507278
2023-10-06 19:02:59,HARVARD AVE,,,-71.13226172268527,42.35377256854198
2023-09-27 18:06:08,,,,-71.05866207058192,42.35707431520006
2023-12-20 11:14:49,SOUTHAMPTON ST,,,-71.06825322019361,42.331734325293155
2023-12-13 12:50:19,,,,-71.0606100315401,42.36573070417767
2023-09-02 22:26:06,,,,-71.08151935991754,42.3535912925739
2023-06-25 02:10:52,,,,-71.06942855113641,42.35623106527977
2023-04-14 21:46:17,COLUMBUS AVE,,,-71.09617852953305,42.32950505915262
2023-10-14 14:43:36,,,,-71.07123312954977,42.2719603741197
2023-10-31 10:26:02,,,,-71.098390266271,42.32494158672127
2023-08-23 12:57:53,,,,-71.07377121387327,42.383933900770366
2023-10-14 15:40:39,CODMAN PARK,,,-71.09439938726126,42.318217881056874
2023-08-03 00:59:18,WASHINGTON ST,,,-71.10400797916209,42.31000093815088
2023-09-10 10:34:40,HANOVER ST,,,-71.05288183108644,42.36572806343412
2023-07-10 22:11:07,,,,-71.05320541276865,42.35606764910959
2023-07-26 16:29:23,,,,-71.03548938162207,42.33816144991679
2023-12-09 23:27:39,MURDOCK ST,,,-71.14567950957913,42.35420822345392
2023-12-23 19:30:44,,,,-71.07201818804987,42.33262014368461
2023-07-11 22:12:06,SARATOGA ST,,,-71.00022328403618,42.38430563556003
2023-04-05 21:51:12,BEACON ST,,,-71.15023394171763,42.336103522191344
2023-07-23 15:20:07,,,,-71.0623881462013,42.36812821267448
2023-10-22 18:19:37,COMMONWEALTH AVE,,,-71.11530283126771,42.35115595860822
2023-10-15 20:12:19,LEVERETT CIR,,,-71.06790196880588,42.3667015364395
2023-12-19 21:50:27,COMMONWEALTH AVE,,,-71.10460030180887,42.349872263996744
2023-10-01 16:47:06,GARDNER ST,,,-71.17734261375803,42.28122490502203
2023-07-17 17:58:49,COMMONWEALTH AVE,,,-71.11388850837422,42.35098401309591
2023-05-30 20:34:15,,,,-71.11218584228173,42.32313375406967
2023-06-22 22:53:02,,,,-71.05132313056424,42.357891207343776
2023-05-21 18:53:28,ALBANY ST,,,-71.06621212021332,42.338683021697406
2023-07-13 15:33:44,,,,-71.07302573256756,42.2984918823191
2023-10-25 01:37:22,COMMONWEALTH AVE,,,-71.13315393225582,42.349529209195666
2023-09-27 11:59:41,,,,-71.07613214568656,42.38570752775754
2023-09-06 21:43:36,LOMASNEY WAY,,,-71.06460061531308,42.36545952874391
2023-07-22 20:55:29,ALBION ST,,,-71.07194597058745,42.321894769442466
2023-07-10 22:58:50,HARRISON AVE,,,-71.06351112193339,42.345317733519785
2023-06-18 18:42:39,SOLDIERS FIELD RD,,,-71.1180401750074,42.36421585766353
2023-10-05 12:56:01,HUNTINGTON AVE,,,-71.11109551286684,42.32962350766265
2023-09-29 13:19:51,,,,-71.05838615349718,42.36366521912647
2023-09-26 11:37:17,,,,-71.05545535989445,42.35908422296376
2023-04-14 12:34:57,NASHUA ST,,,-71.06534351826406,42.36750326093685
2023-11-02 02:46:20,CAMBRIDGE ST,,,-71.13396002665161,42.3550151153352
2023-06-13 18:14:28,,,,-71.10259916930715,42.311440466822106
2023-04-27 21:33:47,DORCHESTER ST,,,-71.05121744062639,42.33279650296991
2023-10-05 01:07:35,NEWTON ST,,,-71.07498230703759,42.34001878841594
2023-09-19 00:43:43,BEACON ST,,,-71.14654382699655,42.355506853502845
2023-03-20 18:42:08,,,,-71.10944377021737,42.35026009795321
2023-10-26 22:14:38,,,,-71.13019940715564,42.35273665382231
2023-07-14 02:06:49,,,,-71.16049110521224,42.34888754508947
2023-05-28 14:03:28,FARNSWORTH ST,,,-71.04780793561974,42.35227780094479
2023-05-17 00:50:05,,,,-71.08576313108206,42.343374593597815
2023-07-12 20:06:56,,,,-71.05825757845017,42.329758837192905
2023-05-19 05:07:41,DORCHESTER AVE,,,-71.06543205863981,42.281700128896574
2023-10-13 04:03:56,TEMPLE PL,,,-71.06153229781877,42.35494525382701
2023-09-15 13:56:49,BACK ST,,,-71.08271370241526,42.35326697747881
2023-02-20 16:26:56,,,,-71.13698507671798,42.27831741006775
2023-03-15 21:34:15,HAMLET ST,,,-71.06423381745397,42.31812655407524
2023-11-27 13:38:52,,,,-71.07559459777922,42.35148955746563
2023-03-21 09:50:20,,,,-71.068597703193,42.34019142788279
2023-07-21 21:42:25,HUNTINGTON AVE,,,-71.1113663641647,42.33025115293195
2023-12-08 20:45:56,CENTER PLZ,,,-71.05998653947707,42.359124694697506
2023-06-17 14:15:49,SUMNER ST,,,-71.03975492299514,42.368877415477385
2023-08-02 18:05:04,BELLEVUE ST,,,-71.06910387637572,42.30897951677021
2023-12-30 15:13:40,,,,-71.0633735128278,42.300160394971606
2023-04-07 19:48:18,BEACON ST,,,-71.1056023438088,42.346564682824514
2023-07-31 00:06:41,SOLDIERS FIELD RD,,,-71.14138786601255,42.36342141213003
2023-06-25 16:21:22,TREMONT ST,,,-71.07062896314606,42.34450655834227
2023-01-04 13:26:27,CENTRE ST,,,-71.09990375951381,42.32276765341235
2023-09-28 21:27:04,,,,-71.10725210925047,42.33892087774625
2023-08-09 04:56:08,STUART ST,,,-71.06766441381589,42.35076585490496
2023-12-19 23:46:15,COLUMBIA RD,,,-71.0779188702332,42.30615952084611
2023-07-08 20:32:07,COMMONWEALTH AVE,,,-71.14054426387445,42.34706003636808
2023-10-11 13:27:08,,,,-71.08773574910583,42.347297506470184
2023-07-05 05:12:24,STATE ST,,,-71.05091363414081,42.359755631912726
2023-01-29 20:10:24,,,,-71.03541672274113,42.33564961125607
2023-09-08 02:55:14,,,,-71.05825757845017,42.329758837192905
2023-10-10 14:24:40,JEWISH WAR VETERANS DR,,,-71.09871298000408,42.297132994914634
2023-08-25 14:54:18,MASSACHUSETTS AVE,,,-71.07305021734287,42.3331676125336
2023-10-27 12:48:51,BOYLSTON ST,,,-71.06358481164132,42.352311665364425
2023-07-24 15:47:41,TREMONT ST,,,-71.0594855741853,42.35925473502259
2023-09-21 11:41:51,,,,-71.0716660174578,42.33223893816556
2023-08-06 20:54:59,,,,-71.10026881221391,42.35077738777686
2023-12-13 17:14:14,,,,-71.07756169729498,42.33326084305027
2023-07-22 13:09:56,,,,-71.11802754430326,42.30881864810522
2023-11-02 15:31:54,,,,-71.07440045611192,42.332865090779485
2023-12-25 20:51:59,WESTERN AVE,,,-71.13198639812475,42.36320229869539
2023-08-28 17:36:06,FESSENDEN ST,,,-71.09214680631874,42.278670442871146
2023-11-14 16:10:33,,,,-71.0894836662669,42.350858072765824
2023-07-03 05:33:34,BOYLSTON ST,,,-71.08544162384082,42.347906245181555
2023-11-05 00:05:39,DUDLEY ST,,,-71.0660691278255,42.317469884409306
2023-06-22 00:13:02,,,,-71.08147196781847,42.319052412067144
2023-10-19 23:39:01,COMMONWEALTH AVE,,,-71.12341711076695,42.35213093390705
2023-01-27 19:02:59,,,,-71.13661903875693,42.35356777574584
2023-08-18 00:53:41,BEACON ST,,,-71.15089189198947,42.336055250335825
2023-06-20 10:22:06,RUTHERFORD AVE,,,-71.07359942724368,42.38363624088279
2023-08-21 21:58:36,,,,-71.06916632893811,42.329542979983
2023-04-26 18:41:54,WASHINGTON ST,,,-71.06254450866288,42.35301520665642
2023-07-11 14:33:27,WILLIAM J DAY BLVD,,,-71.01931897266081,42.33871247640213
2023-10-23 13:29:31,,,,-71.05549749653231,42.341840125671645
2023-12-01 12:54:10,,,,-71.07531699802902,42.34200285245825
2023-05-24 18:58:47,,,,-71.05304791839848,42.3316007144107
2023-03-10 08:04:01,BEACON ST,,,-71.07919905888606,42.35362152043918
2023-09-01 13:24:33,,,,-71.12371933998844,42.36833400288524
2023-09-06 18:35:10,DUDLEY ST,,,-71.07806749870042,42.32807257455936
2023-11-07 15:49:49,,,,-71.11090364019945,42.35064458182849
2023-03-28 13:08:12,TREMONT ST,,,-71.06313802272501,42.355393667031045
2023-04-16 15:25:20,,,,-71.05427330461684,42.342867854605814
2023-09-09 06:20:22,TREMONT ST,,,-71.06574701306259,42.34864084735592
2023-07-23 04:50:05,,,,-71.08850138904974,42.28687893228153
2023-06-22 13:10:32,AVENUE LOUIS PASTEUR ,,,-71.10236124840405,42.33829033039272
2023-07-23 22:22:01,,,,-71.05031441290704,42.30130029156757
2023-08-31 11:30:20,,,,-71.15039335433343,42.33553916104743
2023-09-14 17:08:57,,,,-71.1107381844917,42.35204825372744
2023-06-02 20:12:14,,,,-71.12383328463616,42.31930813410081
2023-11-22 02:16:41,,,,-71.09158113105426,42.348843914630784
2023-03-11 16:13:10,GALLIVAN BLVD,,,-71.04523512756576,42.28446479466042
2023-08-28 14:54:40,JEWISH WAR VETERANS DR,,,-71.10075746041255,42.30266756240769
2023-10-06 12:49:38,,,,-71.0812750269311,42.34506274949909
2023-10-26 19:50:54,WARREN ST,,,-71.08258599809963,42.323699481148736
2023-06-26 19:08:19,HARVARD ST,,,-71.12497804903832,42.36701240236648
2023-07-06 01:44:04,LINDEN ST,,,-71.0581671265987,42.30597605134514
2023-07-05 23:27:34,KING ST,,,-71.0601908277562,42.292400024724216
2023-09-27 18:22:41,,,,-71.07702219706704,42.33646616628194
2023-11-16 18:20:13,,,,-71.10604446244054,42.31485296849013
2023-10-28 22:13:56,COLUMBIA RD,,,-71.07414625197808,42.3090691745992
2023-09-27 01:45:53,,,,-71.07881859941854,42.340125762574345
2023-08-21 12:23:01,COMMONWEALTH AVE,,,-71.1123714697768,42.35060437915448
2023-12-11 11:17:46,WASHINGTON ST,,,-71.11462792993642,42.30045011688833
2023-07-10 22:02:56,,,,-71.098390266271,42.32494158672127
2023-09-22 13:42:23,DORCHESTER AVE,,,-71.0581479137944,42.308837703924254
2023-12-08 22:24:52,CENTER PLZ,,,-71.05998653947707,42.359124694697506
2023-07-17 13:23:28,COMMONWEALTH AVE,,,-71.1248091793872,42.35168573730908
2023-07-12 04:44:26,,,,-71.00684901538774,42.38669724410582
2023-08-09 22:25:21,,,,-71.03655139159505,42.37092413954134
2023-06-28 11:13:21,DORCHESTER AVE,,,-71.05695778774742,42.3301664111603
2023-05-03 12:56:26,,,,-71.04266705536637,42.282131947960686
2023-11-06 23:48:22,UNIVERSITY RD,,,-71.10952873901857,42.35115200962363
2023-09-19 00:23:12,KILMARNOCK ST,,,-71.09988309836629,42.34370262995474
2023-07-01 23:16:47,,,,-71.03541672274113,42.33564961125607
2023-09-23 15:46:43,,,,-71.12932840880603,42.29651428118543
2023-09-18 00:20:15,ATLANTIC AVE,,,-71.0556785299683,42.352183253582155
2023-10-04 22:18:34,,,,-71.16470308363895,42.349922540807206
2023-10-05 18:49:12,,,,-71.07939319008209,42.33203814540713
2023-10-10 18:43:14,,,,-71.0954552496701,42.337640162468446
2023-08-02 05:03:33,WASHINGTON ST,,,-71.07609533815052,42.337130734268406
2023-07-25 00:10:14,,,,-71.08593609167878,42.32942456809089
2023-12-09 20:54:35,,,,-71.06982967217742,42.34529046364306
2023-06-24 22:43:08,SUMMER ST,,,-71.0444300009593,42.347343999893965
2023-10-13 23:50:02,COMMONWEALTH AVE,,,-71.12750984892158,42.35070779383047
2023-09-14 22:40:10,COLUMBIA RD,,,-71.06269065420486,42.31975079410467
2023-09-13 22:11:55,BRIGHTON AVE,,,-71.13097216695529,42.35292665837123
2023-04-21 20:40:43,,,,-71.08819021665852,42.33518916083926
2023-07-17 13:37:58,WATER ST,,,-71.05676795027692,42.357576782131034
2023-07-12 18:16:16,EMERSON PL,,,-71.0684323464102,42.36452271917121
2023-01-24 11:57:58,,,,-71.05259099155035,42.345071117674784
2023-10-06 22:41:11,,,,-71.07983221668418,42.342183181949906
2023-09-01 19:21:39,SELDEN ST,,,-71.08684892853033,42.27634349107398
2023-10-08 15:37:56,HEMENWAY ST,,,-71.09097779836877,42.34124332098283
2023-10-18 23:45:32,HUNTINGTON AVE,,,-71.11215844254748,42.322729446214666
2023-10-16 23:14:39,,,,-71.06584940107821,42.34690686967702
2023-10-28 23:57:19,,,,-71.08819021665852,42.33518916083926
2023-06-17 20:19:34,,,,-71.13275759369229,42.355539014087846
2023-06-16 12:40:45,,,,-71.08374798186823,42.34837803304594
2023-11-01 18:12:05,,,,-71.092399234367,42.33295015679992
2023-05-17 12:45:37,BEACHAM ST,,,-71.07437575121915,42.3859514991512
2023-04-17 05:40:27,COMMONWEALTH AVE,,,-71.16267963195608,42.34019709987155
2023-07-06 19:58:26,LONG ISLAND RD,,,-70.9636758704417,42.32401987316581
2023-10-31 22:33:55,,,,-71.07282002488364,42.38444933209061
2023-07-01 07:52:01,,,,-71.06923920444655,42.37375318072544
2023-12-08 12:27:15,MASSACHUSETTS AVE,,,-71.07123825942024,42.33192695664471
2023-08-24 18:14:30,TREMONT ST,,,-71.06329803702357,42.35523089492002
2023-05-02 22:56:12,LAKE ST,,,-71.1634103881442,42.34506768372137
2023-05-29 07:00:44,BALSAM ST,,,-71.08983304981876,42.2871001149
2023-09-09 14:43:19,JAMES J STORROW MEMORIAL DR,,,-71.07960747286016,42.35421753161328
2023-06-13 03:19:53,WASHINGTON ST,,,-71.14064398823731,42.34250098199409
2023-04-29 05:01:24,COMMONWEALTH AVE,,,-71.11877725776135,42.35156932493414
2023-11-01 22:25:33,MARGARETTA DR,,,-71.14607006770055,42.25643389494789
2023-08-11 23:25:31,,,,-71.0723120025414,42.35551571111943
2023-08-03 11:41:00,BLUE HILL AVE,,,-71.09141066971604,42.28464302785528
2023-04-04 17:30:24,HEMENWAY ST,,,-71.08968315450363,42.34478777421882
2023-07-01 03:51:32,,,,-71.07665430937845,42.307117075061505
2023-12-15 21:29:12,WASHINGTON ST,,,-71.06147806360565,42.35456041863941
2023-02-17 21:49:23,,,,-71.04947393764101,42.34908926060443
2023-05-25 22:57:15,,,,-71.09702875185057,42.33891129365439
2023-06-03 19:33:14,MAIN ST,,,-71.06724682097284,42.37769677671176
2023-11-10 07:07:53,COLUMBUS AVE,,,-71.09617852953305,42.32950505915262
2023-09-19 07:42:28,,,,-71.07702219706704,42.33646616628194
2023-06-17 03:22:36,MENLO ST,,,-71.15055075764643,42.34998734918965
2023-11-06 22:40:36,,,,-71.11075481536322,42.328257013653854
2023-01-30 19:50:06,,,,-71.0890957622328,42.35006295890982
2023-07-22 18:50:05,,,,-71.10637904767634,42.307614434728286
2023-08-27 08:21:05,,,,-71.08415500668293,42.35408142615823
2023-06-14 12:50:02,FIRST AVE,,,-71.05019661230723,42.377565977259
2023-07-17 22:52:48,GOVE ST,,,-71.03839790701728,42.37208269473564
2023-06-11 03:21:17,,,,-71.0954552496701,42.337640162468446
2023-09-21 16:18:17,,,,-71.08406513204291,42.34220375919181
2023-06-24 15:35:05,WILLIAM T MORRISSEY BLVD,,,-71.04801447853697,42.30336705718896
2023-08-31 18:19:29,TREMONT ST,,,-71.07767242240391,42.34072849439261
2023-07-02 19:23:21,FRONTAGE RD,,,-71.0624034167036,42.34144039844699
2023-08-13 01:31:02,ATLANTIC AVE,,,-71.05100360575183,42.3625259941391
2023-03-22 20:50:54,WASHINGTON ST,,,-71.08579727392235,42.32862781278324
2023-11-07 14:23:56,BRIGHTON AVE,,,-71.13360733159328,42.35312214418482
2023-02-13 22:43:32,BEACON ST,,,-71.09541057637873,42.34921240551779
2023-10-12 22:28:14,ASHMONT ST,,,-71.06954620549182,42.28527134027416
2023-06-06 13:58:57,MASSACHUSETTS AVE,,,-71.06759068223865,42.32765684413819
2023-10-09 00:09:55,,,,-71.11833241803987,42.25261019940917
2023-06-29 20:59:01,WASHINGTON ST,,,-71.05893763169247,42.356793678515515
2023-05-15 22:20:43,HUNTINGTON AVE,,,-71.09551915701458,42.33760466779862
2023-11-02 13:32:15,CLARENDON ST,,,-71.07572511529467,42.35173660326784
2023-10-16 13:05:24,,,,-71.09453928106585,42.33031855748964
2023-05-16 13:49:18,,,,-71.04926191938885,42.3401638990144
2023-06-08 22:50:32,STATE ST,,,-71.05298895002514,42.35942621294723
2023-09-15 22:11:26,,,,-71.07518968878398,42.31936757524574
2023-10-27 21:54:55,PARK DR,,,-71.09690979918308,42.34189627073826
2023-08-17 23:51:59,,,,-71.0752080217456,42.34581652572449
2023-07-25 04:43:36,BLUE HILL AVE,,,-71.08014035435154,42.31264316508957
2023-06-27 22:17:02,CENTRE ST,,,-71.12054972173765,42.3090142460499
2023-10-26 19:28:26,,,,-71.10664691849603,42.33448775094811
2023-12-18 07:58:32,TREMONT ST,,,-71.06346976039322,42.354928105541866
2023-08-13 21:19:47,,,,-71.12133631401319,42.308783113511446
2023-07-01 20:15:56,JEWISH WAR VETERANS DR,,,-71.08809103101271,42.30118123180019
2023-06-20 15:59:13,TREMONT ST,,,-71.07446444309143,42.34244640941447
2023-01-10 22:09:05,HEMENWAY ST,,,-71.08963047375838,42.34497737708148
2023-07-21 14:29:43,CENTRE ST,,,-71.11416419558113,42.31247893823228
2023-08-08 19:09:07,,,,-71.07689323350004,42.34929906846397
2023-11-30 12:45:51,WASHINGTON ST,,,-71.07877926615419,42.30370001375903
2023-03-02 18:12:53,,,,-71.07820885357485,42.3060470696978
2023-05-12 23:21:25,ATLANTIC AVE,,,-71.0556785299683,42.352183253582155
2023-09-26 22:07:46,,,,-71.13778862887325,42.34833457366462
2023-08-02 08:12:25,BUNKER HILL INDUSTRIAL PARK,,,-71.07509911599827,42.38040690555776
2023-11-22 11:54:39,,,,-71.06332533964031,42.36398348502715
2023-10-14 19:12:21,,,,-71.05132313056424,42.357891207343776
2023-02-10 19:40:59,,,,-71.0723120025414,42.35551571111943
2023-07-25 11:55:46,,,,-71.11574637914951,42.35122675187151
2023-09-12 04:42:12,,,,-71.05680380711728,42.35887829694723
2023-06-10 06:10:15,MAIN ST,,,-71.07384192603274,42.38474016567213
2023-08-02 21:24:39,,,,-71.05838615349718,42.36366521912647
2023-04-12 12:49:51,TREMONT ST,,,-71.08917534559171,42.33469423406807
2023-11-17 14:44:36,HUDSON ST,,,-71.0603997542509,42.34989097029428
2023-07-07 22:01:27,,,,-71.05889509529953,42.36758452073998
2023-12-17 04:43:40,DUSTIN ST,,,-71.14535263861204,42.35280906030477
2023-08-22 00:01:16,WASHINGTON ST,,,-71.06835404086962,42.34184110473824
2023-07-01 16:54:47,RUGGLES ST,,,-71.09046781779963,42.33564513421851
2023-07-19 19:02:34,CAMBRIDGE ST,,,-71.06848559564628,42.36108188148618
2023-11-20 06:03:58,DORCHESTER AVE,,,-71.06471980989728,42.28427464315816
2023-04-13 23:53:27,,,,-71.08376966547927,42.289872111088414
2023-09-05 08:40:35,SARATOGA ST,,,-71.02326497153672,42.38150352064006
2023-06-02 18:03:12,,,,-71.07201818804987,42.33262014368461
2023-01-04 02:08:26,HUNTINGTON AVE,,,-71.11109551286684,42.32962350766265
2023-06-18 20:39:06,FERNBORO ST,,,-71.07735382165978,42.31121128965406
2023-05-03 11:01:27,,,,-71.130023511871,42.349215975917176
2023-09-10 09:12:02,,,,-71.08181395832389,42.34543689253755
2023-11-02 14:21:06,,,,-71.07384872493837,42.384779170190896
2023-09-07 22:14:11,,,,-71.0890957622328,42.35006295890982
2023-07-26 14:25:57,WILLIAM F MCCLELLAN HWY,,,-71.0098402994942,42.39545912972717
2023-10-11 23:02:00,,,,-71.0571871584288,42.36339220990205
2023-08-22 00:31:16,BENNET ST,,,-71.05453743963865,42.36550866251224
2023-07-28 12:50:04,,,,-71.05732495090447,42.35758185480327
2023-08-08 14:56:02,HEATH ST,,,-71.1103637782334,42.32868085041572
2023-07-19 21:59:27,,,,-71.13427136001334,42.28816432048704
2023-07-18 17:41:11,MASSACHUSETTS AVE,,,-71.07123825942024,42.33192695664471
2023-07-08 22:23:22,,,,-71.13661903875693,42.35356777574584
2023-01-12 14:39:16,NONANTUM RD,,,-71.1678013844511,42.35797472488565
2023-06-30 23:51:41,CHARLES ST,,,-71.06366571027837,42.30006666389525
2023-10-27 21:29:16,COMMONWEALTH AVE,,,-71.12534192959686,42.35179971323944
2023-07-01 05:33:27,CAMBRIDGE ST,,,-71.06528487615876,42.361231554366455
2023-10-25 21:19:11,,,,-71.15342417181027,42.3491138414849
2023-06-15 22:07:36,KINGBIRD RD,,,-71.0933080450507,42.29230914516733
2023-06-18 02:44:18,NORWAY ST,,,-71.088823803411,42.34531361853626
2023-12-12 18:36:16,,,,-71.07653339531137,42.34856394563822
2023-07-12 19:12:12,,,,-71.09642642302813,42.33806221526102
2023-11-27 19:25:18,NORTH ST,,,-71.05652197033102,42.360426263549904
2023-10-23 18:19:06,MADISON PARK CT,,,-71.0852121034638,42.33060844598595
2023-07-21 22:52:24,MOUNT VERNON ST,,,-71.04681973395631,42.31949614518432
2023-02-21 01:32:51,,,,-71.08406513204291,42.34220375919181
2023-08-08 09:41:29,,,,-71.03929007079122,42.3839838035472
